{
  "parameters": {
    "appName": {
      "type": "string"
    },
    "storageName": {
      "type": "string"
    },
    "location": {
      "type": "string"
    },
    "msdeployPackageUrl": {
      "type": "string"
    }
  },
  "resources": [
    {
      "apiVersion": "2016-03-01",
      "name": "[parameters('appName')]",
      "type": "Microsoft.Web/sites",
      "properties": {
        "name": "[parameters('appName')]",
        "siteConfig": {
          "appSettings": [
            {
              "name": "AzureWebJobsDashboard",
              "value": "[concat('DefaultEndpointsProtocol=https;AccountName=',parameters('storageName'),';AccountKey=',listKeys(resourceId('Microsoft.Storage/storageAccounts', parameters('storageName')), '2015-05-01-preview').key1)]"
            },
            {
              "name": "AzureWebJobsStorage",
              "value": "[concat('DefaultEndpointsProtocol=https;AccountName=',parameters('storageName'),';AccountKey=',listKeys(resourceId('Microsoft.Storage/storageAccounts', parameters('storageName')), '2015-05-01-preview').key1)]"
            },
            {
              "name": "FUNCTIONS_EXTENSION_VERSION",
              "value": "~1"
            },
            {
              "name": "WEBSITE_CONTENTAZUREFILECONNECTIONSTRING",
              "value": "[concat('DefaultEndpointsProtocol=https;AccountName=',parameters('storageName'),';AccountKey=',listKeys(resourceId('Microsoft.Storage/storageAccounts', parameters('storageName')), '2015-05-01-preview').key1)]"
            },
            {
              "name": "WEBSITE_CONTENTSHARE",
              "value": "[concat(toLower(parameters('appName')))]"
            },
            {
              "name": "WEBSITE_NODE_DEFAULT_VERSION",
              "value": "6.5.0"
            }
          ]
        },
        "clientAffinityEnabled": false
      },
      "resources": [
        {
          "name": "MSDeploy",
          "type": "Extensions",
          "apiVersion": "2015-02-01",
          "dependsOn": [
            "[resourceId('Microsoft.Web/Sites', parameters('appName'))]"
          ],
          "properties": {
            "packageUri": "[parameters('msdeployPackageUrl')]"
          }
        }
      ],
      "dependsOn": [
        "[resourceId('Microsoft.Storage/storageAccounts', parameters('storageName'))]"
      ],
      "location": "[parameters('location')]",
      "kind": "functionapp"
    },
    {
      "apiVersion": "2015-05-01-preview",
      "type": "Microsoft.Storage/storageAccounts",
      "name": "[parameters('storageName')]",
      "location": "[parameters('location')]",
      "properties": {
        "accountType": "Standard_LRS"
      }
    }
  ],
  "$schema": "http://schema.management.azure.com/schemas/2014-04-01-preview/deploymentTemplate.json#",
  "contentVersion": "1.0.0.0"
}
