{
  "$schema":"http://schema.management.azure.com/schemas/2015-01-01/deploymentTemplate.json#",
  "contentVersion":"1.0.0.0",
  "parameters":{
    "siteName":{
      "type":"string"
    },
    "location":{
      "type":"string"
    },
    "storageLocation":{
      "type":"string",
      "defaultValue": "[parameters('location')]"
    }
  },
  "variables": {
    "appServicePlanName": "[parameters('siteName')]",
    "storageAccountName": "[toLower(parameters('siteName'))]",
    "storageAccountType": "Standard_LRS",
    "storageAccountid": "[concat(resourceGroup().id,'/providers/','Microsoft.Storage/storageAccounts/', variables('storageAccountName'))]"
  },
  "resources":[
    {
      "type": "Microsoft.Storage/storageAccounts",
      "name": "[variables('storageAccountName')]",
      "apiVersion": "2015-05-01-preview",
      "location": "[parameters('storageLocation')]",
      "properties": {
        "accountType": "[variables('storageAccountType')]"
      }
    },
    {
      "apiVersion": "2015-08-01",
      "name": "[variables('appServicePlanName')]",
      "type": "Microsoft.Web/serverfarms",
      "location": "[parameters('location')]",
      "sku": {
        "name": "F1",
        "tier": "Free"
      },
      "properties": {
      }
    },
    {
      "apiVersion":"2015-08-01",
      "name":"[parameters('siteName')]",
      "type":"Microsoft.Web/sites",
      "kind": "functionapp",
      "location":"[parameters('location')]",
      "dependsOn":[
        "[resourceId('Microsoft.Storage/storageAccounts', variables('storageAccountName'))]"
      ],
      "properties": {
        "serverFarmId": "[variables('appServicePlanName')]"
      },
      "resources": [
        {
          "apiVersion": "2015-08-01",
          "name": "appsettings",
          "type": "config",
          "dependsOn": [
            "[resourceId('Microsoft.Web/Sites', parameters('siteName'))]",
            "[resourceId('Microsoft.Storage/storageAccounts', variables('storageAccountName'))]"
          ],
          "properties": {
            "AzureWebJobsStorage": "[concat('DefaultEndpointsProtocol=https;AccountName=', variables('storageAccountName'), ';AccountKey=', listKeys(variables('storageAccountid'),'2015-05-01-preview').key1)]",
            "AzureWebJobsDashboard": "[concat('DefaultEndpointsProtocol=https;AccountName=', variables('storageAccountName'), ';AccountKey=', listKeys(variables('storageAccountid'),'2015-05-01-preview').key1)]",
            "FUNCTIONS_EXTENSION_VERSION": "~1"
          }
        }
      ]
    }
  ]
}
