{
  "$schema": "http://schema.management.azure.com/schemas/2015-01-01/deploymentTemplate.json#",
  "contentVersion": "1.0.0.0",
  "parameters": {
    "siteName": {
      "type": "string"
    },
    "hostingPlanName": {
      "type": "string"
    },
    "siteLocation": {
      "type": "string"
    }
  },
  "resources": [
    {
      "apiVersion": "2015-08-01",
      "name": "[parameters('hostingPlanName')]",
      "type": "Microsoft.Web/serverfarms",
      "location": "[parameters('siteLocation')]",
      "sku": { "name": "F1" }
    },
    {
      "apiVersion": "2015-08-01",
      "name": "[parameters('siteName')]",
      "type": "Microsoft.Web/sites",
      "location": "[parameters('siteLocation')]",
      "dependsOn": [ "[parameters('hostingPlanName')]" ],
      "properties": {
        "serverFarmId": "[parameters('hostingPlanName')]"
      },
      "resources": [
        {
          "apiVersion": "2015-08-01",
          "name": "SettingsAPISample",
          "type": "siteextensions",
          "dependsOn": [
            "[parameters('siteName')]"
          ],
          "properties": {
            "version": "0.5.3",
            "feed_url": "https://www.nuget.org/api/v2/"
          }
        },
        {
          "apiVersion": "2015-08-01",
          "name": "SettingsAPISample/foo",
          "type": "extensions/settings",
          "dependsOn": [
            "[parameters('siteName')]",
            "[resourceId('Microsoft.Web/Sites/siteextensions', parameters('siteName'), 'SettingsAPISample')]"
          ],
          "properties": {
            "value": "My value",
            "count": 17
          }
        }
      ]
    }
  ]
}
