{
  "$schema": "http://schema.management.azure.com/schemas/2015-01-01/deploymentTemplate.json#",
  "contentVersion": "1.0.0.0",
  "parameters": {
    "siteName": {
      "type": "string"
    },
    "hostingPlanName": {
      "type": "string"
    },
    "siteLocation": {
      "type": "string"
    }
  },
  "resources": [
    {
      "apiVersion": "2014-11-01",
      "name": "[parameters('hostingPlanName')]",
      "type": "Microsoft.Web/serverfarms",
      "location": "[parameters('siteLocation')]",
      "properties": { }
    },
    {
      "apiVersion": "2014-11-01",
      "name": "[parameters('siteName')]",
      "type": "Microsoft.Web/sites",
      "location": "[parameters('siteLocation')]",
      "dependsOn": [ "[parameters('hostingPlanName')]" ],
      "properties": {
        "serverFarm": "[parameters('hostingPlanName')]"
      },
      "resources": [
        {
          "apiVersion": "2014-11-01",
          "name": "web",
          "type": "config",
          "dependsOn": [
            "[resourceId('Microsoft.Web/Sites', parameters('siteName'))]"
          ],
          "properties": {
            "javaVersion": "1.7.0_51",
            "javaContainer": "TOMCAT",
            "javaContainerVersion": "7.0.50"
          }
        },
      ]
    }
  ]
}
