{
  "$schema": "http://schema.management.azure.com/schemas/2015-01-01/deploymentTemplate.json#",
  "contentVersion": "1.0.0.0",
  "parameters": {
    "siteName": {
      "type": "string"
    },
    "appServicePlanName": {
      "type": "string"
    },
    "siteLocation": {
      "type": "string"
    },
    "workerSize": {
      "type": "string",
      "allowedValues": [
        "0",
        "1",
        "2"
      ],
      "defaultValue": "0"
    },
  },
  "resources": [
    {
      "apiVersion": "2015-08-01",
      "name": "[parameters('appServicePlanName')]",
      "type": "Microsoft.Web/serverfarms",
      "location": "[parameters('siteLocation')]",
      "sku": {
        "name": "S1",
        "tier": "Standard",
        "capacity": 1
      },
      "properties": {
        "name": "[parameters('appServicePlanName')]"
      }
    },
    {
      "apiVersion": "2015-08-01",
      "name": "[parameters('siteName')]",
      "type": "Microsoft.Web/sites",
      "location": "[parameters('siteLocation')]",
      "dependsOn": [
        "[resourceId('Microsoft.Web/serverfarms', parameters('appServicePlanName'))]"
      ],
      "properties": {
        "serverFarmId": "[parameters('appServicePlanName')]"
      },
      "resources": [
        {
          "apiVersion": "2015-08-01",
          "name": "web",
          "type": "config",
          "dependsOn": [
            "[resourceId('Microsoft.Web/Sites', parameters('siteName'))]"
          ],
          "properties": {
            "phpVersion": "5.5",
            "netFrameworkVersion": "v4.0",
            "use32BitWorkerProcess": false, /* 64-bit platform */
            "webSocketsEnabled": true,
            "alwaysOn": true,
            "remoteDebuggingEnabled": true,
            "remoteDebuggingVersion": "VS2013",

            "virtualApplications": [
              {
                "virtualPath": "/",
                "physicalPath": "site\\wwwroot"
              },
              {
                "virtualPath": "/MyApp",
                "physicalPath": "site\\wwwroot"
              },
            ],

            "defaultDocuments": [
                "index.html",
                "hostingstart.html"
            ],
          }
        },
        {
          "apiVersion": "2015-08-01",
          "name": "appsettings",
          "type": "config",
          "dependsOn": [
            "[resourceId('Microsoft.Web/Sites', parameters('siteName'))]"
          ],
          "properties": {
            "AppSettingKey1": "Some value",
            "AppSettingKey2": "My second setting",
            "AppSettingKey3": "My third setting"
          }
        },
        {
          "apiVersion": "2015-08-01",
          "name": "connectionstrings",
          "type": "config",
          "dependsOn": [
            "[resourceId('Microsoft.Web/Sites', parameters('siteName'))]"
          ],
          "properties": {
            "ConnString1": { "value": "My custom connection string", "type": "custom" },
            "ConnString2": { "value": "My SQL connection string", "type": "SQLAzure" }
          }
        },
        {
          "apiVersion": "2015-08-01",
          "name": "logs",
          "type": "config",
          "dependsOn": [
            "[resourceId('Microsoft.Web/Sites', parameters('siteName'))]"
          ],
          "properties": {
            "applicationLogs": {
              "fileSystem": {
                "level": "Warning"
              }
            },
            "httpLogs": {
              "fileSystem": {
                "retentionInMb": 40,
                "enabled": true
              }
            },
            "failedRequestsTracing": {
              "enabled": true
            },
            "detailedErrorMessages": {
              "enabled": true
            }
          }
        },
        {
          "apiVersion": "2015-08-01",
          "name": "slotconfignames",
          "type": "config",
          "dependsOn": [
            "[resourceId('Microsoft.Web/Sites', parameters('siteName'))]"
          ],
          "properties": {
            "connectionStringNames": [ "ConnString1" ],
            "appSettingNames": [ "AppSettingKey1", "AppSettingKey2" ]
          }
        },
        {
          "apiVersion": "2015-08-01",
          "name": "Staging",
          "type": "slots",
          "location": "[parameters('siteLocation')]",
          "dependsOn": [
            "[resourceId('Microsoft.Web/Sites', parameters('siteName'))]"
          ],
          "properties": {
          },
          "resources": [
            {
              "apiVersion": "2015-08-01",
              "name": "appsettings",
              "type": "config",
              "dependsOn": [
                "[resourceId('Microsoft.Web/Sites/Slots', parameters('siteName'), 'Staging')]"
              ],
              "properties": {
                "AppSettingKey1": "Some staging value",
                "AppSettingKey2": "My second staging setting",
                "AppSettingKey3": "My third staging setting"
              }
            }
          ]
        }
      ]
    }
  ]
}
