{
  "parameters": {
    "databaseName": {
      "type": "string"
    },
    "dbSubscriptionId": {
      "type": "string"
    },
    "dbResourceGroup": {
      "type": "string"
    },
    "name": {
      "type": "string"
    },
    "hostingPlanName": {
      "type": "string"
    },
    "hostingEnvironment": {
      "type": "string"
    },
    "location": {
      "type": "string"
    },
    "sku": {
      "type": "string"
    },
    "workerSize": {
      "type": "string"
    },
    "serverFarmResourceGroup": {
      "type": "string"
    },
    "subscriptionId": {
      "type": "string"
    }
  },
  "resources": [
    {
      "name": "[parameters('name')]",
      "type": "Microsoft.Web/sites",
      "resources": [
        {
          "apiVersion": "2015-04-01",
          "name": "connectionstrings",
          "type": "config",
          "dependsOn": [
            "[resourceId('Microsoft.Web/Sites', parameters('name'))]",
            "[resourceId('SuccessBricks.ClearDB/databases', parameters('databaseName'))]",
            "[concat('Microsoft.Web/Sites/', parameters('name'), '/Extensions/MSDeploy')]"
          ],
          "properties": {
            "defaultConnection": {
              "value": "[reference(concat('SuccessBricks.ClearDB/databases/', parameters('databaseName'))).connectionString]",
              "type": "MySQL"
            }
          }
        },
        {
          "apiVersion": "2014-06-01",
          "name": "MSDeploy",
          "type": "Extensions",
          "dependsOn": [
            "[concat('Microsoft.Web/Sites/', parameters('name'))]",
            "[concat('SuccessBricks.ClearDB/databases/', parameters('databaseName'))]"
          ],
          "properties": {
            "packageUri": "https://auxmktplceprod.blob.core.windows.net/packages/wordpress-4.2.4-IIS.zip",
            "dbType": "MySQL",
            "connectionString": "[reference(concat('SuccessBricks.ClearDB/databases/', parameters('databaseName'))).connectionString]",
            "setParameters": {
              "AppPath": "[parameters('name')]",
              "DbServer": "[reference(concat('SuccessBricks.ClearDB/databases/', parameters('databaseName'))).hostname]",
              "DbName": "[parameters('databaseName')]",
              "DbUsername": "[reference(concat('SuccessBricks.ClearDB/databases/', parameters('databaseName'))).username]",
              "DbPassword": "[reference(concat('SuccessBricks.ClearDB/databases/', parameters('databaseName'))).password]",
              "DbAdminUsername": "[reference(concat('SuccessBricks.ClearDB/databases/', parameters('databaseName'))).username]",
              "DbAdminPassword": "[reference(concat('SuccessBricks.ClearDB/databases/', parameters('databaseName'))).password]"
            }
          }
        },
        {
          "apiVersion": "2014-04-01",
          "type": "config",
          "name": "web",
          "dependsOn": [
            "[concat('Microsoft.Web/sites/', parameters('name'))]",
            "[concat('Microsoft.Web/Sites/', parameters('name'), '/Extensions/MSDeploy')]"
          ],
          "properties": {
            "phpVersion": "5.5"
          }
        }
      ],
      "tags": {
        "[concat('hidden-link:/subscriptions/', parameters('dbSubscriptionId'), '/resourcegroups/', parameters('dbResourceGroup'), '/providers/SuccessBricks.ClearDB/databases/', parameters('databaseName'))]": "empty",
        "[concat('hidden-related:', '/subscriptions/', parameters('subscriptionId'),'/resourcegroups/', parameters('serverFarmResourceGroup'), '/providers/Microsoft.Web/serverfarms/', parameters('hostingPlanName'))]": "empty"
      },
      "apiVersion": "2015-02-01",
      "location": "[parameters('location')]",
      "properties": {
        "name": "[parameters('name')]",
        "serverFarmId": "[concat('/subscriptions/', parameters('subscriptionId'),'/resourcegroups/', parameters('serverFarmResourceGroup'), '/providers/Microsoft.Web/serverfarms/', parameters('hostingPlanName'))]",
        "hostingEnvironment": "[parameters('hostingEnvironment')]"
      },
      "dependsOn": [
        "[concat('Microsoft.Web/serverfarms/', parameters('hostingPlanName'))]"
      ]
    },
    {
      "apiVersion": "2014-04-01",
      "name": "[concat('CPUHigh ', parameters('hostingPlanName'))]",
      "type": "microsoft.insights/alertrules",
      "location": "East US",
      "dependsOn": [
        "[concat('Microsoft.Web/serverfarms/', parameters('hostingPlanName'))]"
      ],
      "tags": {
        "[concat('hidden-link:', '/subscriptions/', parameters('subscriptionId'),'/resourcegroups/', parameters('serverFarmResourceGroup'), '/providers/Microsoft.Web/serverfarms/', parameters('hostingPlanName'))]": "Resource"
      },
      "properties": {
        "name": "[concat('CPUHigh ', parameters('hostingPlanName'))]",
        "description": "[concat('The average CPU is high across all the instances of ', parameters('hostingPlanName'))]",
        "isEnabled": false,
        "condition": {
          "odata.type": "Microsoft.WindowsAzure.Management.Monitoring.Alerts.Models.ThresholdRuleCondition",
          "dataSource": {
            "odata.type": "Microsoft.WindowsAzure.Management.Monitoring.Alerts.Models.RuleMetricDataSource",
            "resourceUri": "[concat('/subscriptions/', parameters('subscriptionId'),'/resourcegroups/', parameters('serverFarmResourceGroup'),'/providers/Microsoft.Web/serverfarms/', parameters('hostingPlanName'))]",
            "metricName": "CpuPercentage"
          },
          "operator": "GreaterThan",
          "threshold": 90,
          "windowSize": "PT15M"
        },
        "action": {
          "odata.type": "Microsoft.WindowsAzure.Management.Monitoring.Alerts.Models.RuleEmailAction",
          "sendToServiceOwners": true,
          "customEmails": [ ]
        }
      }
    },
    {
      "apiVersion": "2014-04-01",
      "name": "[concat(parameters('hostingPlanName'), '-', resourceGroup().name)]",
      "type": "microsoft.insights/autoscalesettings",
      "location": "East US",
      "tags": {
        "[concat('hidden-link:', '/subscriptions/', parameters('subscriptionId'),'/resourcegroups/', parameters('serverFarmResourceGroup'), '/providers/Microsoft.Web/serverfarms/', parameters('hostingPlanName'))]": "Resource"
      },
      "dependsOn": [
        "[concat('Microsoft.Web/serverfarms/', parameters('hostingPlanName'))]"
      ],
      "properties": {
        "profiles": [
          {
            "name": "Default",
            "capacity": {
              "minimum": "1",
              "maximum": "2",
              "default": "1"
            },
            "rules": [
              {
                "metricTrigger": {
                  "metricName": "CpuPercentage",
                  "metricResourceUri": "[concat('/subscriptions/', parameters('subscriptionId'),'/resourcegroups/', parameters('serverFarmResourceGroup'), '/providers/Microsoft.Web/serverfarms/', parameters('hostingPlanName'))]",
                  "timeGrain": "PT1M",
                  "statistic": "Average",
                  "timeWindow": "PT10M",
                  "timeAggregation": "Average",
                  "operator": "GreaterThan",
                  "threshold": 80
                },
                "scaleAction": {
                  "direction": "Increase",
                  "type": "ChangeCount",
                  "value": "1",
                  "cooldown": "PT10M"
                }
              },
              {
                "metricTrigger": {
                  "metricName": "CpuPercentage",
                  "metricResourceUri": "[concat('/subscriptions/', parameters('subscriptionId'),'/resourcegroups/', parameters('serverFarmResourceGroup'),'/providers/Microsoft.Web/serverfarms/', parameters('hostingPlanName'))]",
                  "timeGrain": "PT1M",
                  "statistic": "Average",
                  "timeWindow": "PT1H",
                  "timeAggregation": "Average",
                  "operator": "LessThan",
                  "threshold": 60
                },
                "scaleAction": {
                  "direction": "Decrease",
                  "type": "ChangeCount",
                  "value": "1",
                  "cooldown": "PT1H"
                }
              }
            ]
          }
        ],
        "enabled": false,
        "name": "[concat(parameters('hostingPlanName'), '-', resourceGroup().name)]",
        "targetResourceUri": "[concat('/subscriptions/', parameters('subscriptionId'),'/resourcegroups/', parameters('serverFarmResourceGroup'),'/providers/Microsoft.Web/serverfarms/', parameters('hostingPlanName'))]"
      }
    },
    {
      "apiVersion": "2014-04-01",
      "name": "[concat('LongHttpQueue ', parameters('hostingPlanName'))]",
      "type": "microsoft.insights/alertrules",
      "location": "East US",
      "dependsOn": [
        "[concat('Microsoft.Web/serverfarms/', parameters('hostingPlanName'))]"
      ],
      "tags": {
        "[concat('hidden-link:', '/subscriptions/', parameters('subscriptionId'),'/resourcegroups/', parameters('serverFarmResourceGroup'),'/providers/Microsoft.Web/serverfarms/', parameters('hostingPlanName'))]": "Resource"
      },
      "properties": {
        "name": "[concat('LongHttpQueue ', parameters('hostingPlanName'))]",
        "description": "[concat('The HTTP queue for the instances of ', parameters('hostingPlanName'), ' has a large number of pending requests.')]",
        "isEnabled": false,
        "condition": {
          "odata.type": "Microsoft.WindowsAzure.Management.Monitoring.Alerts.Models.ThresholdRuleCondition",
          "dataSource": {
            "odata.type": "Microsoft.WindowsAzure.Management.Monitoring.Alerts.Models.RuleMetricDataSource",
            "resourceUri": "[concat('/subscriptions/', parameters('subscriptionId'),'/resourcegroups/', parameters('serverFarmResourceGroup'),'/providers/Microsoft.Web/serverfarms/', parameters('hostingPlanName'))]",
            "metricName": "HttpQueueLength"
          },
          "operator": "GreaterThan",
          "threshold": 100,
          "windowSize": "PT5M"
        },
        "action": {
          "odata.type": "Microsoft.WindowsAzure.Management.Monitoring.Alerts.Models.RuleEmailAction",
          "sendToServiceOwners": true,
          "customEmails": [ ]
        }
      }
    },
    {
      "apiVersion": "2015-02-01",
      "name": "[parameters('hostingPlanName')]",
      "type": "Microsoft.Web/serverfarms",
      "location": "[parameters('location')]",
      "properties": {
        "name": "[parameters('hostingPlanName')]",
        "sku": "[parameters('sku')]",
        "workerSize": "[parameters('workerSize')]",
        "hostingEnvironment": "[parameters('hostingEnvironment')]",
        "numberOfWorkers": 0
      }
    },
    {
      "apiVersion": "2014-04-01",
      "name": "[concat('ServerErrors ', parameters('name'))]",
      "type": "microsoft.insights/alertrules",
      "location": "East US",
      "dependsOn": [
        "[concat('Microsoft.Web/sites/', parameters('name'))]"
      ],
      "tags": {
        "[concat('hidden-link:', resourceGroup().id, '/providers/Microsoft.Web/sites/', parameters('name'))]": "Resource"
      },
      "properties": {
        "name": "[concat('ServerErrors ', parameters('name'))]",
        "description": "[concat(parameters('name'), ' has some server errors, status code 5xx.')]",
        "isEnabled": false,
        "condition": {
          "odata.type": "Microsoft.WindowsAzure.Management.Monitoring.Alerts.Models.ThresholdRuleCondition",
          "dataSource": {
            "odata.type": "Microsoft.WindowsAzure.Management.Monitoring.Alerts.Models.RuleMetricDataSource",
            "resourceUri": "[concat(resourceGroup().id, '/providers/Microsoft.Web/sites/', parameters('name'))]",
            "metricName": "Http5xx"
          },
          "operator": "GreaterThan",
          "threshold": 0,
          "windowSize": "PT5M"
        },
        "action": {
          "odata.type": "Microsoft.WindowsAzure.Management.Monitoring.Alerts.Models.RuleEmailAction",
          "sendToServiceOwners": true,
          "customEmails": [ ]
        }
      }
    },
    {
      "apiVersion": "2014-04-01",
      "name": "[concat('ForbiddenRequests ', parameters('name'))]",
      "type": "microsoft.insights/alertrules",
      "location": "East US",
      "dependsOn": [
        "[concat('Microsoft.Web/sites/', parameters('name'))]"
      ],
      "tags": {
        "[concat('hidden-link:', resourceGroup().id, '/providers/Microsoft.Web/sites/', parameters('name'))]": "Resource"
      },
      "properties": {
        "name": "[concat('ForbiddenRequests ', parameters('name'))]",
        "description": "[concat(parameters('name'), ' has some requests that are forbidden, status code 403.')]",
        "isEnabled": false,
        "condition": {
          "odata.type": "Microsoft.WindowsAzure.Management.Monitoring.Alerts.Models.ThresholdRuleCondition",
          "dataSource": {
            "odata.type": "Microsoft.WindowsAzure.Management.Monitoring.Alerts.Models.RuleMetricDataSource",
            "resourceUri": "[concat(resourceGroup().id, '/providers/Microsoft.Web/sites/', parameters('name'))]",
            "metricName": "Http403"
          },
          "operator": "GreaterThan",
          "threshold": 0,
          "windowSize": "PT5M"
        },
        "action": {
          "odata.type": "Microsoft.WindowsAzure.Management.Monitoring.Alerts.Models.RuleEmailAction",
          "sendToServiceOwners": true,
          "customEmails": [ ]
        }
      }
    },
    {
      "apiVersion": "2014-04-01",
      "name": "[parameters('name')]",
      "type": "microsoft.insights/components",
      "location": "Central US",
      "dependsOn": [
        "[concat('Microsoft.Web/sites/', parameters('name'))]"
      ],
      "tags": {
        "[concat('hidden-link:', resourceGroup().id, '/providers/Microsoft.Web/sites/', parameters('name'))]": "Resource"
      },
      "properties": {
        "ApplicationId": "[parameters('name')]"
      }
    },
    {
      "apiVersion": "2014-01-01",
      "name": "[parameters('databaseName')]",
      "type": "SuccessBricks.ClearDB/databases",
      "plan": {
        "name": "Free"
      },
      "location": "South Central US",
      "tags": {
        "provision_source": "RMS"
      }
    }
  ],
  "$schema": "http://schema.management.azure.com/schemas/2015-01-01/deploymentTemplate.json#",
  "contentVersion": "1.0.0.0"
}
